Workbook

Sheet Recap
C2: Récap Global:
C3: Description | D3: Montant
C4: Fixe | D4: =Fixe!G1 -> 1445333.3
C5: Variable (Performance) | D5: ='Variable (Performance)'!J1 -> 838162.39
C6: Variable 15 BA par Jour / 20jr | D6: ='Variable 15 BA par Jour'!AK2 -> 20000
C7: Superviseur Mercenaire prime par New Add | D7: ='Superviseur Mercenaire prim NA'!G2 -> 76860
C8: Total | D8: =SUM(D4:D7) -> 2380355.7
C11: Récap Mercenaire seul:
C12: Superviseur | D12: Fixe | E12: Variable | F12: Prime 5f / New Add
C13: Roland | D13: 60000 | E13: 50000 | F13: ='Superviseur Mercenaire prim NA'!G4 -> 11545
C14: Samuel Bossou | D14: 60000 | E14: 50000 | F14: ='Superviseur Mercenaire prim NA'!G5 -> 28790
C15: Vincent de Paul | D15: 60000 | E15: 50000 | F15: ='Superviseur Mercenaire prim NA'!G6 -> 36525
C16: Total | D16: =SUM(D13:D15) -> 180000 | E16: =SUM(E13:E15) -> 150000 | F16: =SUM(F13:F15) -> 76860
C17: Grand Total | D17: =SUM(D16:F16) -> 406860

Sheet Fixe
G1: =SUBTOTAL(109,G3:G39) -> 1445333.3
B2: Superviseur | C2: Numero MoMo | D2: Type | E2: Region | F2: # BA | G2: Salaire Fixe
B3: Albéric | C3: 2290166834386 | D3: Classiques | E3: Cotonou | F3: 26 | G3: =IF(F3>=15,40000,(F3/15)*40000) -> 40000
B4: Amos | C4: 2290166118790 | D4: Acquisition | E4: Cotonou | F4: 16 | G4: =IF(F4>=15,40000,(F4/15)*40000) -> 40000
B5: Antoine | C5: 2290151111169 | D5: Acquisition | E5: Sud Est | F5: 11 | G5: =IF(F5>=15,40000,(F5/15)*40000) -> 29333.333
B6: Arcadius | C6: 2290197740321 | D6: Acquisition | E6: Atlantique | F6: 31 | G6: =IF(F6>=15,40000,(F6/15)*40000) -> 40000
B7: Basile | C7: 2290196366292 | D7: Acquisition | E7: Atlantique | F7: 23 | G7: =IF(F7>=15,40000,(F7/15)*40000) -> 40000
B8: Bénit | C8: 2290166508084 | D8: Acquisition | E8: Cotonou | F8: 66 | G8: =IF(F8>=15,40000,(F8/15)*40000) -> 40000
B9: Brothier | C9: 2290154814915 | D9: Acquisition | E9: Atlantique | F9: 15 | G9: =IF(F9>=15,40000,(F9/15)*40000) -> 40000
B10: Cosme | C10: 2290196500201 | D10: Classiques | E10: Cotonou | F10: 14 | G10: =IF(F10>=15,40000,(F10/15)*40000) -> 37333.333
B11: Cosme Sagbo | C11: 2290167841894 | D11: Acquisition | E11: Atlantique | F11: 17 | G11: =IF(F11>=15,40000,(F11/15)*40000) -> 40000
B12: Crésus | C12: 2290153508662 | D12: Acquisition | E12: Sud Ouest | F12: 30 | G12: =IF(F12>=15,40000,(F12/15)*40000) -> 40000
B13: Donatien | C13: 2290166890732 | D13: Acquisition | E13: Atlantique | F13: 25 | G13: =IF(F13>=15,40000,(F13/15)*40000) -> 40000
B14: Etienne | C14: 2290161516161 | D14: Acquisition | E14: Sud Est | F14: 23 | G14: =IF(F14>=15,40000,(F14/15)*40000) -> 40000
... B34: Robert | C34: 2290166583033 | D34: Acquisition | E34: Sud Est | F34: 14 | G34: =IF(F34>=15,40000,(F34/15)*40000) -> 37333.333
B35: Roland | C35: 2290191699169 | D35: Acquisition | E35: Mercenaire | F35: 38 | G35: 60000
B36: Samuel Bossou | C36: 2290161255497 | D36: Acquisition | E36: Mercenaire | F36: 33 | G36: 60000
B37: Serge | C37: 2290190911414 | D37: Acquisition | E37: Sud Ouest | F37: 21 | G37: =IF(F37>=15,40000,(F37/15)*40000) -> 40000
B38: Franck de Bassila | C38: 2290146039832 | D38: Acquisition | E38: Nord Ouest | F38: 23 | G38: =IF(F38>=15,40000,(F38/15)*40000) -> 40000
B39: Togni Koshami Guillaume | C39: 2290191676808 | D39: Acquisition | E39: Nord Ouest | F39: 26 | G39: =IF(F39>=15,40000,(F39/15)*40000) -> 40000
B40: Valentin | C40: 2290196262368 | D40: Acquisition | E40: Atlantique | F40: 14 | G40: =IF(F40>=15,40000,(F40/15)*40000) -> 37333.333
B41: Vincent De Paul | C41: 2290197017276 | D41: Acquisition | E41: Mercenaire | F41: 52 | G41: 60000
B42: Balodin Luc Gbetoho | C42: 2290166095937 | D42: Acquisition | E42: Nord Est | F42: 30 | G42: =IF(F42>=15,40000,(F42/15)*40000) -> 40000

Sheet Variable (Performance)
H1: =SUBTOTAL(109,H3:H41) -> 49830 | J1: =SUBTOTAL(109,J3:J42) -> 838162.39
B2: Superviseur | C2: Numero MoMo | D2: Type | E2: Region | F2: # BA | G2: Target | H2: New Add | I2: % Attained | J2: Variable | K2: Commentaire
B3: Albéric | C3: 2290166834386 | D3: Classiques | E3: Cotonou | F3: 26 | G3: 2340 | H3: 1247 | I3: =H3/G3 -> 0.53290598 | J3: =IF(I3>=100%,50000,I3*50000) -> 26645.299
B4: Amos | C4: 2290166118790 | D4: Acquisition | E4: Cotonou | F4: 16 | G4: 2340 | H4: 635 | I4: =H4/G4 -> 0.27136752 | J4: =IF(I4>=100%,50000,I4*50000) -> 13568.376
B5: Antoine | C5: 2290151111169 | D5: Acquisition | E5: Sud Est | F5: 11 | G5: 2340 | H5: 323 | I5: =H5/G5 -> 0.13803419 | J5: =IF(I5>=100%,50000,I5*50000) -> 6901.7094 | K5: Blocques par David
B6: Arcadius | C6: 2290197740321 | D6: Acquisition | E6: Atlantique | F6: 31 | G6: 2340 | H6: 896 | I6: =H6/G6 -> 0.38290598 | J6: =IF(I6>=100%,50000,I6*50000) -> 19145.299
B7: Basile | C7: 2290196366292 | D7: Acquisition | E7: Atlantique | F7: 23 | G7: 2340 | H7: 532 | I7: =H7/G7 -> 0.22735043 | J7: =IF(I7>=100%,50000,I7*50000) -> 11367.521
B8: Bénit | C8: 2290166508084 | D8: Acquisition | E8: Cotonou | F8: 66 | G8: 2340 | H8: 3588 | I8: =H8/G8 -> 1.5333333 | J8: =IF(I8>=100%,50000,I8*50000) -> 50000
B9: Brothier | C9: 2290154814915 | D9: Acquisition | E9: Atlantique | F9: 15 | G9: 2340 | H9: 166 | I9: =H9/G9 -> 0.070940171 | J9: =IF(I9>=100%,50000,I9*50000) -> 3547.0085
B10: Cosme | C10: 2290196500201 | D10: Classiques | E10: Cotonou | F10: 14 | G10: 2340 | H10: 892 | I10: =H10/G10 -> 0.38119658 | J10: =IF(I10>=100%,50000,I10*50000) -> 19059.829
B11: Cosme Sagbo | C11: 2290167841894 | D11: Acquisition | E11: Atlantique | F11: 17 | G11: 2340 | H11: 874 | I11: =H11/G11 -> 0.37350427 | J11: =IF(I11>=100%,50000,I11*50000) -> 18675.214
B12: Crésus | C12: 2290153508662 | D12: Acquisition | E12: Sud Ouest | F12: 30 | G12: 2340 | H12: 1744 | I12: =H12/G12 -> 0.74529915 | J12: =IF(I12>=100%,50000,I12*50000) -> 37264.957
B13: Donatien | C13: 2290166890732 | D13: Acquisition | E13: Atlantique | F13: 25 | G13: 2340 | H13: 759 | I13: =H13/G13 -> 0.32435897 | J13: =IF(I13>=100%,50000,I13*50000) -> 16217.949
B14: Etienne | C14: 2290161516161 | D14: Acquisition | E14: Sud Est | F14: 23 | G14: 2340 | H14: 585 | I14: =H14/G14 -> 0.25 | J14: =IF(I14>=100%,50000,I14*50000) -> 12500
B15: Eugène | C15: 2290191358663 | D15: Classiques | E15: Nord Est | F15: 44 | G15: 2340 | H15: 1347 | I15: =H15/G15 -> 0.57564103 | J15: =IF(I15>=100%,50000,I15*50000) -> 28782.051
B16: Exaucé | C16: 2290196403186 | D16: Acquisition | E16: Cotonou | F16: 4 | G16: 2340 | H16: 19 | I16: =H16/G16 -> 0.0081196581 | J16: =IF(I16>=100%,50000,I16*50000) -> 405.98291 | K16: Blocques par David
B17: Félicien | C17: 2290196262480 | D17: Acquisition | E17: Atlantique | F17: 30 | G17: 2340 | H17: 2752 | I17: =H17/G17 -> 1.1760684 | J17: =IF(I17>=100%,50000,I17*50000) -> 50000
B18: Fernand | C18: 2290167401881 | D18: Classiques | E18: Nord Est | F18: 51 | G18: 2340 | H18: 3612 | I18: =H18/G18 -> 1.5435897 | J18: =IF(I18>=100%,50000,I18*50000) -> 50000
B19: Fulbert | C19: 2290197065391 | D19: Acquisition | E19: Atlantique | F19: 36 | G19: 2340 | H19: 1271 | I19: =H19/G19 -> 0.54316239 | J19: =IF(I19>=100%,50000,I19*50000) -> 27158.12
B20: Gilbert | C20: 2290197669754 | D20: Acquisition | E20: Atlantique | F20: 28 | G20: 2340 | H20: 1494 | I20: =H20/G20 -> 0.63846154 | J20: =IF(I20>=100%,50000,I20*50000) -> 31923.077
B21: Jérome | C21: 2290167365568 | D21: Acquisition | E21: Cotonou | F21: 18 | G21: 2340 | H21: 94 | I21: =H21/G21 -> 0.04017094 | J21: =IF(I21>=100%,50000,I21*50000) -> 2008.547
B22: Kévin | C22: 2290161598514 | D22: Acquisition | E22: Cotonou | F22: 13 | G22: 2340 | H22: 453 | I22: =H22/G22 -> 0.19358974 | J22: =IF(I22>=100%,50000,I22*50000) -> 9679.4872
B23: Louis | C23: 2290191864959 | D23: Acquisition | E23: Nord Ouest | F23: 29 | G23: 2340 | H23: 553 | I23: =H23/G23 -> 0.23632479 | J23: =IF(I23>=100%,50000,I23*50000) -> 11816.239
B24: Lucien | C24: 2290191190453 | D24: Classiques | E24: Nord Ouest | F24: 16 | G24: 2340 | H24: 720 | I24: =H24/G24 -> 0.30769231 | J24: =IF(I24>=100%,50000,I24*50000) -> 15384.615
B25: Marcus | C25: 2290162246441 | D25: Acquisition | E25: Atlantique | F25: 44 | G25: 2340 | H25: 779 | I25: =H25/G25 -> 0.33290598 | J25: =IF(I25>=100%,50000,I25*50000) -> 16645.299
B26: Maxime | C26: 2290161726747 | D26: Acquisition | E26: Cotonou | F26: 20 | G26: 2340 | H26: 633 | I26: =H26/G26 -> 0.27051282 | J26: =IF(I26>=100%,50000,I26*50000) -> 13525.641
B27: Nelson | C27: 2290197291461 | D27: Classiques | E27: Nord Est | F27: 11 | G27: 2340 | H27: 134 | I27: =H27/G27 -> 0.057264957 | J27: =IF(I27>=100%,50000,I27*50000) -> 2863.2479
B28: Oke Jerome | C28: 2290167365568 | D28: Acquisition | E28: Cotonou | F28: 10 | G28: 2340 | H28: 62 | I28: =H28/G28 -> 0.026495726 | J28: =IF(I28>=100%,50000,I28*50000) -> 1324.7863
... B42: Balodin Luc Gbetoho | C42: 2290166095937 | D42: Acquisition | E42: Nord Est | F42: 30 | G42: 2340 | H42: 711 | I42: =H42/G42 -> 0.30384615 | J42: =IF(I42>=100%,50000,I42*50000) -> 15192.308

Sheet Variable 15 BA par Jour
A1: # Des BA Actif par Jour
AK2: =SUBTOTAL(109,AK4:AK43) -> 20000
A3: Superviseur | B3: Numero MoMo | C3: Type des BA | D3: Region | E3: 45992 | F3: 45993 | G3: 45994 | H3: 45995 | I3: 45996 | J3: 45997 | K3: 45998 | L3: 45999 | M3: 46000 | N3: 46001 | O3: 46002 | P3: 46003 | Q3: 46004 | R3: 46005 | S3: 46006 | T3: 46007 | U3: 46008 | V3: 46009 | W3: 46010 | X3: 46011 | Y3: 46012 | Z3: 46013 | AA3: 46014 | AB3: 46015 | AC3: 46016 | AD3: 46017 | AE3: 46018 | AF3: 46019 | AG3: 46020 | AH3: 46021 | AI3: 46022 | AJ3: Nb des Jour avec 15 BA ou plus | AK3: Paye
A4: Albéric | B4: 2290166834386 | C4: Classiques | D4: Cotonou | E4: 9 | F4: 14 | G4: 6 | H4: 8 | I4: 11 | J4: 8 | K4: 0 | L4: 11 | M4: 10 | N4: 12 | O4: 10 | P4: 11 | Q4: 2 | R4: 0 | S4: 7 | T4: 4 | U4: 8 | V4: 8 | W4: 1 | X4: 2 | Y4: 0 | Z4: 4 | AA4: 3 | AB4: 3 | AC4: 1 | AD4: 5 | AE4: 4 | AF4: 1 | AG4: 4 | AH4: 4 | AI4: 1 | AJ4: =COUNTIF(E4:AH4,">=15") -> 0 | AK4: =IF(AJ4>=20,20000,0) -> 0
A5: Amos | B5: 2290166118790 | C5: Acquisition | D5: Cotonou | E5: 2 | F5: 8 | G5: 7 | H5: 6 | I5: 4 | J5: 1 | K5: 0 | L5: 1 | M5: 4 | N5: 3 | O5: 5 | P5: 4 | Q5: 2 | R5: 1 | S5: 6 | T5: 3 | U5: 1 | V5: 1 | W5: 0 | X5: 0 | Y5: 0 | Z5: 2 | AA5: 2 | AB5: 2 | AC5: 0 | AD5: 0 | AE5: 7 | AF5: 1 | AG5: 4 | AH5: 2 | AI5: 1 | AJ5: =COUNTIF(E5:AH5,">=15") -> 0 | AK5: =IF(AJ5>=20,20000,0) -> 0
A6: Antoine | B6: 2290151111169 | C6: Acquisition | D6: Sud Est | E6: 2 | F6: 3 | G6: 2 | H6: 2 | I6: 3 | J6: 2 | K6: 0 | L6: 3 | M6: 2 | N6: 2 | O6: 2 | P6: 1 | Q6: 1 | R6: 0 | S6: 1 | T6: 1 | U6: 1 | V6: 1 | W6: 1 | X6: 1 | Y6: 0 | Z6: 1 | AA6: 1 | AB6: 1 | AC6: 1 | AD6: 1 | AE6: 1 | AF6: 0 | AG6: 1 | AH6: 1 | AI6: 1 | AJ6: =COUNTIF(E6:AH6,">=15") -> 0 | AK6: =IF(AJ6>=20,20000,0) -> 0
A7: Arcadius | B7: 2290197740321 | C7: Acquisition | D7: Atlantique | E7: 6 | F7: 6 | G7: 9 | H7: 6 | I7: 7 | J7: 8 | K7: 0 | L7: 9 | M7: 8 | N7: 6 | O7: 8 | P7: 8 | Q7: 6 | R7: 5 | S7: 13 | T7: 8 | U7: 5 | V7: 10 | W7: 10 | X7: 3 | Y7: 1 | Z7: 8 | AA7: 7 | AB7: 2 | AC7: 3 | AD7: 9 | AE7: 1 | AF7: 0 | AG7: 5 | AH7: 4 | AI7: 1 | AJ7: =COUNTIF(E7:AH7,">=15") -> 0 | AK7: =IF(AJ7>=20,20000,0) -> 0
A8: Basile | B8: 2290196366292 | C8: Acquisition | D8: Atlantique | E8: 4 | F8: 7 | G8: 5 | H8: 6 | I8: 3 | J8: 4 | K8: 0 | L8: 1 | M8: 2 | N8: 0 | O8: 6 | P8: 3 | Q8: 5 | R8: 0 | S8: 3 | T8: 5 | U8: 2 | V8: 3 | W8: 1 | X8: 2 | Y8: 0 | Z8: 1 | AA8: 5 | AB8: 1 | AC8: 0 | AD8: 3 | AE8: 3 | AF8: 0 | AG8: 3 | AH8: 0 | AI8: 0 | AJ8: =COUNTIF(E8:AH8,">=15") -> 0 | AK8: =IF(AJ8>=20,20000,0) -> 0
A9: Bénit | B9: 2290166508084 | C9: Acquisition | D9: Cotonou | E9: 21 | F9: 22 | G9: 18 | H9: 17 | I9: 17 | J9: 11 | K9: 4 | L9: 13 | M9: 16 | N9: 19 | O9: 22 | P9: 21 | Q9: 17 | R9: 9 | S9: 22 | T9: 24 | U9: 20 | V9: 22 | W9: 25 | X9: 17 | Y9: 3 | Z9: 25 | AA9: 29 | AB9: 24 | AC9: 8 | AD9: 17 | AE9: 13 | AF9: 3 | AG9: 16 | AH9: 15 | AI9: 11 | AJ9: =COUNTIF(E9:AH9,">=15") -> 22 | AK9: =IF(AJ9>=20,20000,0) -> 20000
A10: Brothier | B10: 2290154814915 | C10: Acquisition | D10: Atlantique | E10: 2 | F10: 2 | G10: 1 | H10: 1 | I10: 1 | J10: 1 | K10: 0 | L10: 2 | M10: 1 | N10: 2 | O10: 3 | P10: 0 | Q10: 0 | R10: 0 | S10: 0 | T10: 0 | U10: 0 | V10: 0 | W10: 2 | X10: 0 | Y10: 0 | Z10: 0 | AA10: 0 | AB10: 0 | AC10: 1 | AD10: 0 | AE10: 0 | AF10: 0 | AG10: 1 | AH10: 0 | AI10: 0 | AJ10: =COUNTIF(E10:AH10,">=15") -> 0 | AK10: =IF(AJ10>=20,20000,0) -> 0
A11: Cosme | B11: 2290196500201 | C11: Classiques | D11: Cotonou | E11: 3 | F11: 4 | G11: 5 | H11: 4 | I11: 4 | J11: 1 | K11: 0 | L11: 4 | M11: 3 | N11: 4 | O11: 6 | P11: 5 | Q11: 5 | R11: 2 | S11: 4 | T11: 4 | U11: 5 | V11: 5 | W11: 5 | X11: 3 | Y11: 1 | Z11: 3 | AA11: 2 | AB11: 1 | AC11: 2 | AD11: 4 | AE11: 4 | AF11: 2 | AG11: 6 | AH11: 3 | AI11: 1 | AJ11: =COUNTIF(E11:AH11,">=15") -> 0 | AK11: =IF(AJ11>=20,20000,0) -> 0
A12: Cosme Sagbo | B12: 2290167841894 | C12: Acquisition | D12: Atlantique | E12: 3 | F12: 6 | G12: 4 | H12: 5 | I12: 5 | J12: 3 | K12: 1 | L12: 3 | M12: 4 | N12: 3 | O12: 7 | P12: 4 | Q12: 1 | R12: 2 | S12: 5 | T12: 4 | U12: 3 | V12: 5 | W12: 3 | X12: 3 | Y12: 2 | Z12: 3 | AA12: 2 | AB12: 0 | AC12: 1 | AD12: 1 | AE12: 2 | AF12: 0 | AG12: 2 | AH12: 1 | AI12: 0 | AJ12: =COUNTIF(E12:AH12,">=15") -> 0 | AK12: =IF(AJ12>=20,20000,0) -> 0
A13: Crésus | B13: 2290153508662 | C13: Acquisition | D13: Sud Ouest | E13: 14 | F13: 9 | G13: 7 | H13: 10 | I13: 8 | J13: 6 | K13: 2 | L13: 7 | M13: 9 | N13: 9 | O13: 9 | P13: 8 | Q13: 6 | R13: 2 | S13: 10 | T13: 7 | U13: 9 | V13: 10 | W13: 8 | X13: 6 | Y13: 4 | Z13: 13 | AA13: 7 | AB13: 7 | AC13: 5 | AD13: 5 | AE13: 3 | AF13: 2 | AG13: 9 | AH13: 7 | AI13: 4 | AJ13: =COUNTIF(E13:AH13,">=15") -> 0 | AK13: =IF(AJ13>=20,20000,0) -> 0
A14: Donatien | B14: 2290166890732 | C14: Acquisition | D14: Atlantique | E14: 7 | F14: 4 | G14: 4 | H14: 3 | I14: 5 | J14: 5 | K14: 0 | L14: 4 | M14: 4 | N14: 9 | O14: 8 | P14: 6 | Q14: 4 | R14: 4 | S14: 5 | T14: 6 | U14: 4 | V14: 3 | W14: 6 | X14: 4 | Y14: 6 | Z14: 3 | AA14: 3 | AB14: 3 | AC14: 1 | AD14: 2 | AE14: 0 | AF14: 0 | AG14: 0 | AH14: 2 | AI14: 0 | AJ14: =COUNTIF(E14:AH14,">=15") -> 0 | AK14: =IF(AJ14>=20,20000,0) -> 0
A15: Etienne | B15: 2290161516161 | C15: Acquisition | D15: Sud Est | E15: 6 | F15: 6 | G15: 4 | H15: 4 | I15: 7 | J15: 6 | K15: 0 | L15: 5 | M15: 3 | N15: 10 | O15: 5 | P15: 6 | Q15: 2 | R15: 1 | S15: 8 | T15: 3 | U15: 4 | V15: 7 | W15: 6 | X15: 3 | Y15: 1 | Z15: 3 | AA15: 1 | AB15: 4 | AC15: 1 | AD15: 1 | AE15: 0 | AF15: 1 | AG15: 3 | AH15: 4 | AI15: 1 | AJ15: =COUNTIF(E15:AH15,">=15") -> 0 | AK15: =IF(AJ15>=20,20000,0) -> 0
... A43: Balodin Luc Gbetoho | B43: 2290166095937 | C43: Acquisition | D43: Nord Est | E43: 12 | F43: 12 | G43: 11 | H43: 7 | I43: 6 | J43: 2 | K43: 0 | L43: 12 | M43: 12 | N43: 10 | O43: 12 | P43: 5 | Q43: 3 | R43: 4 | S43: 8 | T43: 7 | U43: 7 | V43: 11 | W43: 7 | X43: 1 | Y43: 1 | Z43: 3 | AA43: 3 | AB43: 5 | AC43: 5 | AD43: 6 | AE43: 3 | AF43: 2 | AG43: 5 | AH43: 4 | AI43: 3 | AJ43: =COUNTIF(E43:AH43,">=15") -> 0 | AK43: =IF(AJ43>=20,20000,0) -> 0
A44: Total | E44: =SUM(E4:E43) -> 336 | F44: =SUM(F4:F43) -> 344 | G44: =SUM(G4:G43) -> 267 | H44: =SUM(H4:H43) -> 273 | I44: =SUM(I4:I43) -> 294 | J44: =SUM(J4:J43) -> 225 | K44: =SUM(K4:K43) -> 25 | L44: =SUM(L4:L43) -> 279 | ... AH44: =SUM(AH4:AH43) -> 148 | AJ44: =SUM(AJ4:AJ43) -> 87 | AK44: =IF(AJ44>=20,20000,0) -> 20000

Sheet Superviseur Mercenaire prim NA
G2: =SUBTOTAL(109,G4:G6) -> 76860
C3: Superviseur | D3: Numero MoMo | E3: Nb de BA Actif | F3: New Add | G3: Prim sur activation(5frs)
C4: Roland | D4: 2290191699169 | E4: 28 | F4: 2309 | G4: =F4*5 -> 11545
C5: Samuel Bossou | D5: 2290161255497 | E5: 27 | F5: 5758 | G5: =F5*5 -> 28790
C6: Vincent de Paul | D6: 2290197017276 | E6: 40 | F6: 7305 | G6: =F6*5 -> 36525

Sheet Detail des Commission
B2: Nouvelle Condition New Add
B4: Tranche | C4: Entre 1-3 | D4: 4 Surplus | E4: A partir de 7
B5: Commission normale | C5: 200 | D5: 200 | E5: 200
B6: Commission supplémentaire | D6: +200 | E6: +250
B9: Simulation | C9: Details
B10: Nombre des New Add | C10: 10
B11: Commission Normale | C11: =C10*200 -> 2000
B12: Commission 4 supplémentaire | C12: =200*4 -> 800
B13: Commission >7 | C13: =4*250 -> 1000
B14: Total commission sur 10 New Add | C14: =SUM(C11:C13) -> 3800
B18: Commission Superviseur
B20: Désignation | C20: Montant | D20: Condition | E20: Prorata
B21: Fixe | C21: 40000 | D21: 15 BA actifs / 20jr | E21: Oui
B22: Commission supplémentaire | C22: 20000 | D22: 15 BA actifs par jour / 20jr | E22: Non
B23: Variable | C23: 50000
B24: Total Commission | C24: =SUM(C21:C23) -> 110000
B26: NB: Fixe additionnel (Reste de prorata à partager au reste des superviseurs)
B30: Commission BA Mercenaire
B32: Désignation | C32: Montant | D32: Simulation sur 10/jr | E32: Simulation Mensuelle (25jr)
B33: Fixe | C33: 20000 | D33: 0 | E33: 20000
B34: Commission New Add | C34: 200 | D34: =C34*10 -> 2000 | E34: =D34*25 -> 50000
B35: Commission New data subscriber | C35: 100 | D35: =C35*10 -> 1000 | E35: =D35*25 -> 25000
B36: Commission MTN Hype | C36: 50 | D36: =C36*10 -> 500 | E36: =D36*25 -> 12500
B37: Commission DTC | C37: 50 | D37: =C37*10 -> 500 | E37: =D37*25 -> 12500
B38: Commission Supplémentaire 4 New Add | C38: +200 | D38: =C38*4 -> 800 | E38: =D38*25 -> 20000
B39: Commission Supplémentaire >7 New Add | C39: +250 | D39: =C39*4 -> 1000 | E39: =D39*25 -> 25000
B40: Transport & Hébergement (Assurés) | C40: 0 | D40: 0 | E40: 0
B41: Total | D41: =SUM(D34:D39) -> 5800 | E41: =SUM(E33:E39) -> 165000
B45: Superviseur BA Mercenaire | C45: Montant | D45: Commentaire
B46: Fixe | C46: 60000 | D46: 15 BA actifs par jour / 20jr
B47: Variable | C47: 50000
B48: Variable Activation (5fr par activation) | C48: 18750 | D48: Simulation sur 10/Jr/BA
B49: Total Commission | C49: =SUM(C46:C48) -> 128750
B51: NB: Possibilité de vendre et gagner comme un BA
